email;id;name;password;phoneNumber;role;typeId
naebhmvkyt@soche.com,43864,María García,FA4tFwxhHn,9207317901,solucionador,tarjeta de identidad
bwvpocznko@soche.com,83064,José Fernández,Jyu8Y7rguo,6528586059,solucionador,nit
pboetczuaw@soche.com,2180,Ana Sánchez,xddICjlPSd,9429099753,solucionador,cedula de ciudadania
umrdfoizze@soche.com,47880,Ana Sánchez,s3OtZvygWQ,1186030811,retador,nit
kegzfaajxx@soche.com,14640,Laura Rodríguez,IteUEhgQPZ,1026248156,solucionador,nit
aemmkrgjly@soche.com,10492,Pedro López,v4xInrckme,3878072546,retador,tarjeta de identidad
dwyzrorovm@soche.com,28728,Carlos Moreno,43fwhQ0qrR,4494981288,solucionador,nit
dnhvnrmlaz@soche.com,36596,Carlos Moreno,3vRpXnTfJh,1285823159,solucionador,tarjeta de identidad
cqzwwmkccl@soche.com,59748,David Gómez,a3gk6FtvlI,9284598760,solucionador,cedula de ciudadania
xumuptkybe@soche.com,34147,Pedro López,gpMeDqPXZe,5970161569,retador,cedula de ciudadania
qtipixailc@soche.com,75030,José Fernández,OpeNrw9gql,7395750557,retador,nit
moaalrjyst@soche.com,35797,Carlos Moreno,q6q5JwOSNC,8014713426,retador,nit
tmbcrwpnxk@soche.com,32766,María García,SzcITaIbvQ,2598145686,retador,nit
bgoffoabwf@soche.com,54795,Isabel Martínez,IrN7rH3xMc,2516929839,retador,nit
kyuivzgoai@soche.com,79510,Ana Sánchez,ZXnBVJnexk,1428494150,solucionador,tarjeta de identidad
woxlbjkzuk@soche.com,92735,María García,FhAK1rU3L8,6191840971,retador,tarjeta de identidad
gurudfshzv@soche.com,95483,Isabel Martínez,sRarruzUUS,5728798102,retador,tarjeta de identidad
bkimlslkid@soche.com,8877,Carlos Moreno,yUpVtNpcvE,15368489,solucionador,tarjeta de identidad
wuwtihibhs@soche.com,23517,José Fernández,zNZsgtEFvZ,6318095935,retador,cedula de ciudadania
cqhkdxusri@soche.com,97255,Juan Pérez,Ow5hnwrIZj,5721976127,retador,tarjeta de identidad
ayrynxecus@soche.com,19624,Ana Sánchez,Phb83DJy7H,1574726953,solucionador,tarjeta de identidad
vsvuwcjxek@soche.com,10096,Juan Pérez,Gbb7g69KYk,9836868647,solucionador,tarjeta de identidad
lsqntuhlpv@soche.com,25481,David Gómez,dptVvTgufH,8134540022,solucionador,nit
brudsyofht@soche.com,72844,Isabel Martínez,PHYIQS2ZHl,2807350801,retador,nit
spekxbbwkz@soche.com,739,José Fernández,uYdq6oL5j5,3572080915,solucionador,cedula de ciudadania
boijdtsowm@soche.com,29410,Carlos Moreno,uqTXrMBGyJ,6948816543,solucionador,cedula de ciudadania
fgdxpdmonf@soche.com,85148,María García,Rtoz2ELBYM,49294581,solucionador,tarjeta de identidad
vatjuaqyll@soche.com,85829,José Fernández,GXIXUh1QKu,2698996312,solucionador,nit
cvheuuuscc@soche.com,67195,José Fernández,ZmBxslLV86,7004136945,retador,cedula de ciudadania
craxusecht@soche.com,5073,Isabel Martínez,mI1rF2TkR7,7660411679,solucionador,tarjeta de identidad
oaaravewdf@soche.com,67932,David Gómez,81WONmw9hy,4752243697,solucionador,nit
mjyokzbcjg@soche.com,10970,Pedro López,wlGDovoGTE,7088751728,retador,nit
tewjispvac@soche.com,15004,Ana Sánchez,uByKOuiJWv,4263497407,solucionador,tarjeta de identidad
byhijlvpkm@soche.com,77925,Juan Pérez,LDht0PsxLO,7437074384,retador,cedula de ciudadania
aigfrlbcin@soche.com,8309,Carlos Moreno,Ks7DZMvRp6,4386042562,retador,cedula de ciudadania
azomoeivgl@soche.com,8908,Juan Pérez,ltYdWGm056,2961710583,retador,nit
uvbjarhszo@soche.com,41937,Laura Rodríguez,IacoFomott,2380417726,retador,nit
xpwwbkpfbp@soche.com,86181,José Fernández,vnGoJaBV1L,8136403728,solucionador,nit
mdtokdpdca@soche.com,66839,Juan Pérez,jj3t1f6uiR,8893825439,solucionador,nit
nijbstakkm@soche.com,6010,David Gómez,6QmN2wvq0n,1098182797,solucionador,cedula de ciudadania
esmmezhbym@soche.com,12198,Ana Sánchez,h3ZwzmnfSc,7894999625,solucionador,tarjeta de identidad
fticegcywm@soche.com,95214,Carlos Moreno,Kok9b9bbYv,858737416,retador,tarjeta de identidad
svkghazoxm@soche.com,72236,Carlos Moreno,L74UgYwFzr,9734883884,retador,nit
kbjqzrxmyy@soche.com,6758,Ana Sánchez,IGcdRI1DpN,7963293916,solucionador,cedula de ciudadania
hvndtjadcp@soche.com,59705,Juan Pérez,7BL8qB0V5t,3789656934,retador,tarjeta de identidad
bolfpjsoao@soche.com,63639,Isabel Martínez,kXthAJQnlZ,6926369053,retador,tarjeta de identidad
zwpflhargt@soche.com,4199,José Fernández,gG1SUkSvUm,1332740041,solucionador,cedula de ciudadania
duhihvlteq@soche.com,55731,Pedro López,iOA6hvIkSq,8699731893,retador,cedula de ciudadania
ourxoxqytb@soche.com,36296,Pedro López,2yfHAd0ciP,9383425460,solucionador,cedula de ciudadania
kiizwylpkj@soche.com,78336,Ana Sánchez,7z9ovyKZZy,4885617645,retador,nit
